﻿Małżeństwa zawarte,2016,193 455
Małżeństwa zawarte,2017,192 576
Małżeństwa zawarte,2018,192 443
Małżeństwa zawarte,2019,183 371
Małżeństwa zawarte,2020,145 045
Małżeństwa zawarte na 1000 ludności,2016,5.0
Małżeństwa zawarte na 1000 ludności,2017,5.0
Małżeństwa zawarte na 1000 ludności,2018,5.0
Małżeństwa zawarte na 1000 ludności,2019,4.8
Małżeństwa zawarte na 1000 ludności,2020,3.8
Mediana wieku (wiek środkowy) nowożeńców - mężczyzn,2016,29.5
Mediana wieku (wiek środkowy) nowożeńców - mężczyzn,2017,29.7
Mediana wieku (wiek środkowy) nowożeńców - mężczyzn,2018,30.0
Mediana wieku (wiek środkowy) nowożeńców - mężczyzn,2019,30.3
Mediana wieku (wiek środkowy) nowożeńców - mężczyzn,2020,30.6
Mediana wieku (wiek środkowy) nowożeńców - kobiet,2016,27.3
Mediana wieku (wiek środkowy) nowożeńców - kobiet,2017,27.6
Mediana wieku (wiek środkowy) nowożeńców - kobiet,2018,27.8
Mediana wieku (wiek środkowy) nowożeńców - kobiet,2019,28.2
Mediana wieku (wiek środkowy) nowożeńców - kobiet,2020,28.5
Mediana wieku (wiek środkowy) mężczyzn zawierających związek małżeński po raz pierwszy,2016,28.6
Mediana wieku (wiek środkowy) mężczyzn zawierających związek małżeński po raz pierwszy,2017,28.8
Mediana wieku (wiek środkowy) mężczyzn zawierających związek małżeński po raz pierwszy,2018,29.0
Mediana wieku (wiek środkowy) mężczyzn zawierających związek małżeński po raz pierwszy,2019,29.3
Mediana wieku (wiek środkowy) mężczyzn zawierających związek małżeński po raz pierwszy,2020,29.4
Mediana wieku (wiek środkowy) kobiet zawierających związek małżeński po raz pierwszy,2016,26.6
Mediana wieku (wiek środkowy) kobiet zawierających związek małżeński po raz pierwszy,2017,26.8
Mediana wieku (wiek środkowy) kobiet zawierających związek małżeński po raz pierwszy,2018,27.0
Mediana wieku (wiek środkowy) kobiet zawierających związek małżeński po raz pierwszy,2019,27.2
Mediana wieku (wiek środkowy) kobiet zawierających związek małżeński po raz pierwszy,2020,27.4
Rozwody,2016,62 594
Rozwody,2017,64 312
Rozwody,2018,61 807
Rozwody,2019,64 355
Rozwody,2020,50 556
Rozwody na 1000 ludności,2016,1.6
Rozwody na 1000 ludności,2017,1.7
Rozwody na 1000 ludności,2018,1.6
Rozwody na 1000 ludności,2019,1.7
Rozwody na 1000 ludności,2020,1.3
Separacje orzeczone,2016,1 601
Separacje orzeczone,2017,1 562
Separacje orzeczone,2018,1 248
Separacje orzeczone,2019,1 169
Separacje orzeczone,2020,716
Separacje orzeczone na 100 000 ludności,2016,4.17
Separacje orzeczone na 100 000 ludności,2017,4.07
Separacje orzeczone na 100 000 ludności,2018,3.25
Separacje orzeczone na 100 000 ludności,2019,3.05
Separacje orzeczone na 100 000 ludności,2020,1.87
Urodzenia żywe,2016,382 257
Urodzenia żywe,2017,401 982
Urodzenia żywe,2018,388 178
Urodzenia żywe,2019,374 954
Urodzenia żywe,2020,355 309
Urodzenia żywe - chłopcy,2016,196 221
Urodzenia żywe - chłopcy,2017,206 410
Urodzenia żywe - chłopcy,2018,199 820
Urodzenia żywe - chłopcy,2019,192 685
Urodzenia żywe - chłopcy,2020,182 300
Urodzenia żywe - dziewczynki,2016,186 036
Urodzenia żywe - dziewczynki,2017,195 572
Urodzenia żywe - dziewczynki,2018,188 358
Urodzenia żywe - dziewczynki,2019,182 269
Urodzenia żywe - dziewczynki,2020,173 009
Urodzenia żywe na 1000 ludności,2016,9.9
Urodzenia żywe na 1000 ludności,2017,10.5
Urodzenia żywe na 1000 ludności,2018,10.1
Urodzenia żywe na 1000 ludności,2019,9.8
Urodzenia żywe na 1000 ludności,2020,9.3
Urodzenia pozamałżeńskie w % urodzeń żywych,2016,25.0
Urodzenia pozamałżeńskie w % urodzeń żywych,2017,24.1
Urodzenia pozamałżeńskie w % urodzeń żywych,2018,26.4
Urodzenia pozamałżeńskie w % urodzeń żywych,2019,25.4
Urodzenia pozamałżeńskie w % urodzeń żywych,2020,26.4
Współczynnik dzietności ogólnej,2016,1.3571
Współczynnik dzietności ogólnej,2017,1.4529
Współczynnik dzietności ogólnej,2018,1.4347
Współczynnik dzietności ogólnej,2019,1.4186
Współczynnik dzietności ogólnej,2020,1.3779
Współczynnik reprodukcji brutto,2016,0.661
Współczynnik reprodukcji brutto,2017,0.707
Współczynnik reprodukcji brutto,2018,0.696
Współczynnik reprodukcji brutto,2019,0.690
Współczynnik reprodukcji brutto,2020,0.671
Mediana wieku (wiek środkowy) matek,2016,29.9
Mediana wieku (wiek środkowy) matek,2017,30.1
Mediana wieku (wiek środkowy) matek,2018,30.2
Mediana wieku (wiek środkowy) matek,2019,30.3
Mediana wieku (wiek środkowy) matek,2020,30.5
Mediana wieku (wiek środkowy) matek w momencie urodzenia pierwszego dziecka,2016,27.8
Mediana wieku (wiek środkowy) matek w momencie urodzenia pierwszego dziecka,2017,27.8
Mediana wieku (wiek środkowy) matek w momencie urodzenia pierwszego dziecka,2018,
Mediana wieku (wiek środkowy) matek w momencie urodzenia pierwszego dziecka,2019,28.2
Mediana wieku (wiek środkowy) matek w momencie urodzenia pierwszego dziecka,2020,28.5
Zgony,2016,388 009
Zgony,2017,402 852
Zgony,2018,414 200
Zgony,2019,409 709
Zgony,2020,477 355
Zgony mężczyzn,2016,202 150
Zgony mężczyzn,2017,207 671
Zgony mężczyzn,2018,213 647
Zgony mężczyzn,2019,211 423
Zgony mężczyzn,2020,249 744
Zgony kobiet,2016,185 859
Zgony kobiet,2017,195 181
Zgony kobiet,2018,200 553
Zgony kobiet,2019,198 286
Zgony kobiet,2020,227 611
Zgony na 1000 ludności,2016,10.1
Zgony na 1000 ludności,2017,10.5
Zgony na 1000 ludności,2018,10.8
Zgony na 1000 ludności,2019,10.7
Zgony na 1000 ludności,2020,12.4
Zgony niemowląt,2016,1 522
Zgony niemowląt,2017,1 604
Zgony niemowląt,2018,1 494
Zgony niemowląt,2019,1 412
Zgony niemowląt,2020,1 270
Zgony niemowląt - chłopcy,2016,868
Zgony niemowląt - chłopcy,2017,908
Zgony niemowląt - chłopcy,2018,834
Zgony niemowląt - chłopcy,2019,749
Zgony niemowląt - chłopcy,2020,719
Zgony niemowląt - dziewczynki,2016,654
Zgony niemowląt - dziewczynki,2017,696
Zgony niemowląt - dziewczynki,2018,660
Zgony niemowląt - dziewczynki,2019,663
Zgony niemowląt - dziewczynki,2020,551
Zgony niemowląt na 1000 urodzeń żywych,2016,3.98
Zgony niemowląt na 1000 urodzeń żywych,2017,3.99
Zgony niemowląt na 1000 urodzeń żywych,2018,3.85
Zgony niemowląt na 1000 urodzeń żywych,2019,3.77
Zgony niemowląt na 1000 urodzeń żywych,2020,3.57
Przyrost naturalny,2016,-5 752
Przyrost naturalny,2017,-870
Przyrost naturalny,2018,-26 022
Przyrost naturalny,2019,-34 755
Przyrost naturalny,2020,-122 046
Przyrost naturalny mężczyzn,2016,-5 929
Przyrost naturalny mężczyzn,2017,-1 261
Przyrost naturalny mężczyzn,2018,-13 827
Przyrost naturalny mężczyzn,2019,-18 738
Przyrost naturalny mężczyzn,2020,-67 444
Przyrost naturalny kobiet,2016,177
Przyrost naturalny kobiet,2017,391
Przyrost naturalny kobiet,2018,-12 195
Przyrost naturalny kobiet,2019,-16 017
Przyrost naturalny kobiet,2020,-54 602
Przyrost naturalny na 1000 ludności,2016,-0.1
Przyrost naturalny na 1000 ludności,2017,0.0
Przyrost naturalny na 1000 ludności,2018,-0.7
Przyrost naturalny na 1000 ludności,2019,-0.9
Przyrost naturalny na 1000 ludności,2020,-3.2
Współczynnik dynamiki demograficznej,2016,0.985
Współczynnik dynamiki demograficznej,2017,0.998
Współczynnik dynamiki demograficznej,2018,0.937
Współczynnik dynamiki demograficznej,2019,0.915
Współczynnik dynamiki demograficznej,2020,0.744
